{
    "materials":[{
        "visible":true,
        "colorEmissive":[0,0,0],
        "shading":"phong",
        "DbgColor":15658734,
        "specularCoef":50,
        "vertexColors":true,
        "colorSpecular":[0.031008,0.031008,0.031008],
        "depthTest":true,
        "opacity":1,
        "wireframe":false,
        "DbgName":"asteroid mat",
        "DbgIndex":0,
        "transparent":false,
        "depthWrite":true,
        "blending":"NormalBlending"
    }],
    "normals":[-0.644254,0.63827,0.421365,-0.518502,0.604064,0.605196,0.959532,0.210716,0.186806,0.098081,-0.920668,0.377823,-0.019862,-0.970467,-0.240414,-0.222326,0.678994,-0.699671,-0.709706,0.310933,-0.63217,0.790346,-0.008571,-0.612601,-0.041659,-0.947723,-0.316364,0.212841,-0.183884,-0.959628,-0.853489,-0.503632,0.133831,0.959543,0.216634,0.179853,-0.029707,0.351589,0.935683,-0.527249,0.849525,0.017771,0.375072,-0.92231,0.093084,0.136124,0.859117,-0.493344,-0.590713,-0.759337,0.272884,-0.558571,0.82881,0.032756,0.955257,-0.295256,0.017538,-0.816557,-0.41977,-0.396268,0.845724,0.177361,0.503284,0.246009,0.594855,0.765263,0.433583,0.430208,-0.791787,-0.159127,0.950729,0.266068,0.37125,-0.911269,0.178217,-0.525339,0.51938,0.673991,-0.168503,0.759621,0.628158,-0.041731,0.870728,0.489992,0.213593,0.957659,-0.193047,-0.505054,-0.734917,0.452568],
    "colors":[12300449,0],
    "metadata":{
        "colors":2,
        "normals":30,
        "materials":1,
        "version":3,
        "type":"Geometry",
        "generator":"io_three",
        "uvs":0,
        "faces":30,
        "vertices":17
    },
    "uvs":[],
    "faces":[162,9,14,10,0,0,0,0,0,0,0,162,14,9,16,0,1,1,1,0,0,0,162,13,2,3,0,2,2,2,0,0,0,162,12,1,0,0,3,3,3,0,0,0,162,12,4,7,0,4,4,4,0,0,0,162,15,8,11,0,5,5,5,0,0,0,162,10,6,11,0,6,6,6,0,0,0,162,5,7,8,0,7,7,7,0,0,0,162,4,11,7,0,8,8,8,0,0,0,162,11,8,7,0,9,9,9,0,0,0,162,9,10,4,0,10,10,10,0,0,0,162,3,2,1,0,11,11,11,0,0,0,162,1,16,0,0,12,12,12,0,0,0,162,14,15,6,0,13,13,13,0,0,0,162,12,3,1,0,14,14,14,0,0,0,162,15,5,8,0,15,15,15,0,0,0,162,12,9,4,0,16,16,16,0,0,0,162,10,14,6,0,17,17,17,0,0,0,162,5,3,7,0,18,18,18,0,0,0,162,4,10,11,0,19,19,19,0,0,0,162,13,3,5,0,20,20,20,0,0,0,162,1,2,16,0,21,21,21,0,0,0,162,6,15,11,0,22,22,22,0,0,0,162,14,13,15,0,23,23,23,0,0,0,162,3,12,7,0,24,24,24,0,0,0,162,0,16,9,0,25,25,25,0,0,0,162,13,14,2,0,26,26,26,0,0,0,162,2,14,16,0,27,27,27,0,0,0,162,5,15,13,0,28,28,28,0,0,0,162,9,12,0,0,29,29,29,0,0,0],
    "vertices":[-0.076711,-0.229012,0.8428,0.427283,-0.176804,0.839184,0.392822,0.227651,0.535871,0.554372,-0.191736,0.179135,-0.595593,-0.402022,-0.24976,0.726378,0.336539,-0.296075,-0.439862,0.298001,-0.50746,0.519074,-0.349482,-0.553931,0.433178,0.167136,-0.671977,-0.654774,-0.147769,0.329625,-0.836104,0.018803,-0.199942,-0.423566,-0.230654,-0.785774,-0.246866,-0.516946,0.185339,0.397058,0.509273,0.196446,-0.215479,0.423813,0.135479,-0.045356,0.535627,-0.162317,0.10197,0.109344,0.721333],
    "name":"Cube.002Geometry.2"
}