{
    "materials":[{
        "visible":true,
        "colorEmissive":[0,0,0],
        "shading":"phong",
        "DbgColor":15658734,
        "specularCoef":50,
        "vertexColors":true,
        "colorSpecular":[0.031008,0.031008,0.031008],
        "depthTest":true,
        "opacity":1,
        "wireframe":false,
        "DbgName":"asteroid mat",
        "DbgIndex":0,
        "transparent":false,
        "depthWrite":true,
        "blending":"NormalBlending"
    }],
    "normals":[0.883561,0.274645,0.379328,0.468974,-0.872507,0.137096,-0.268111,0.940922,0.20684,-0.018261,0.876458,-0.481131,-0.161753,0.661884,-0.731947,-0.831998,0.42823,-0.352703,-0.176213,-0.936609,-0.302841,0.751349,0.640593,-0.15848,0.359246,-0.179461,-0.915825,-0.342965,-0.931116,0.124086,0.429893,-0.267094,0.862469,0.820172,0.333846,0.464612,0.518087,-0.850297,0.092632,-0.263429,0.941036,0.212263,-0.757773,0.638971,0.13227,-0.360392,-0.919083,-0.159386,0.001339,0.223359,-0.974735,-0.18825,-0.268246,0.944778,0.331511,-0.906994,-0.259734,-0.5912,-0.556249,0.584013],
    "colors":[12300449,0],
    "metadata":{
        "colors":2,
        "normals":20,
        "materials":1,
        "version":3,
        "type":"Geometry",
        "generator":"io_three",
        "uvs":0,
        "faces":20,
        "vertices":12
    },
    "uvs":[],
    "faces":[162,9,4,6,0,0,0,0,0,0,0,162,8,4,0,0,1,1,1,0,0,0,162,9,3,1,0,2,2,2,0,0,0,162,9,2,11,0,3,3,3,0,0,0,162,11,2,7,0,4,4,4,0,0,0,162,11,7,5,0,5,5,5,0,0,0,162,8,7,10,0,6,6,6,0,0,0,162,6,2,9,0,7,7,7,0,0,0,162,10,2,6,0,8,8,8,0,0,0,162,8,0,5,0,9,9,9,0,0,0,162,4,1,0,0,10,10,10,0,0,0,162,9,1,4,0,11,11,11,0,0,0,162,8,6,4,0,12,12,12,0,0,0,162,9,11,3,0,13,13,13,0,0,0,162,3,11,5,0,14,14,14,0,0,0,162,8,5,7,0,15,15,15,0,0,0,162,10,7,2,0,16,16,16,0,0,0,162,1,3,0,0,17,17,17,0,0,0,162,6,8,10,0,18,18,18,0,0,0,162,0,3,5,0,19,19,19,0,0,0],
    "vertices":[0.004472,-0.257315,0.460729,0.020607,0.179673,0.588016,0.379378,0.1318,-0.434912,-0.295792,0.107857,0.504582,0.27091,-0.128714,0.367751,-0.558863,-0.106697,0.03392,0.545177,-0.038328,-0.336537,-0.335223,-0.103564,-0.489826,0.016892,-0.324719,-0.010731,0.266005,0.375806,0.013889,0.049882,-0.171178,-0.504791,-0.281986,0.263755,-0.169433],
    "name":"Cube.003Geometry.2"
}