{
    "materials":[{
        "visible":true,
        "colorEmissive":[0,0,0],
        "shading":"phong",
        "DbgColor":15658734,
        "specularCoef":50,
        "vertexColors":true,
        "colorSpecular":[0.031008,0.031008,0.031008],
        "depthTest":true,
        "opacity":1,
        "wireframe":false,
        "DbgName":"asteroid mat",
        "DbgIndex":0,
        "transparent":false,
        "depthWrite":true,
        "blending":"NormalBlending"
    }],
    "normals":[-0.276614,-0.957337,0.083607,0.955962,-0.164589,0.242997,0.285435,-0.620142,0.730719,-0.952556,0.018039,0.303829,-0.885195,-0.410351,-0.219185,0.040407,-0.558637,-0.828427,0.959196,-0.189861,0.209512,0.053645,-0.342585,0.937954,-0.434961,0.004514,-0.900438,0.743381,-0.189768,-0.641384,-0.164569,0.940316,-0.297862,0.178891,0.972203,0.151063,0.141227,0.979504,0.143622,-0.598056,0.702479,0.385813,-0.106333,0.890835,-0.441709,-0.608966,0.771283,-0.185154,-0.340114,0.535808,-0.772808,0.096403,0.97048,-0.221078,0.181997,0.933058,-0.31029,0.093098,0.956855,-0.275247,0.375623,0.880557,-0.289011,0.715868,0.631823,-0.297207,-0.041454,0.429761,-0.901991,-0.452906,0.133928,-0.881442,-0.881365,0.444855,0.159058,-0.486183,0.872895,-0.040992,-0.587755,0.581081,0.562929,0.026744,0.111967,0.993352,0.031476,0.120915,0.992164,0.931284,0.27945,0.233702,0.316529,0.167605,-0.933658,0.18305,-0.586388,-0.789076,0.472317,-0.474015,-0.743119,-0.49073,0.868626,-0.068365,-0.510065,-0.679699,-0.527108,-0.99269,0.099821,0.067839,-0.98812,-0.097638,0.118687,-0.233385,-0.602002,0.763626,0.338826,-0.535339,0.773698,0.223129,-0.694561,-0.683957,-0.786761,-0.562729,-0.253659,-0.637217,-0.751292,-0.171797,-0.256221,-0.955252,0.147798,-0.005315,-0.889097,0.457687,0.71152,-0.679469,0.179056,0.167423,-0.839533,0.516869],
    "colors":[12300449,0],
    "metadata":{
        "colors":2,
        "normals":46,
        "materials":1,
        "version":3,
        "type":"Geometry",
        "generator":"io_three",
        "uvs":0,
        "faces":46,
        "vertices":25
    },
    "uvs":[],
    "faces":[162,7,10,9,0,0,0,0,0,0,0,162,0,4,21,0,1,1,1,0,0,0,162,1,0,12,0,2,2,2,0,0,0,162,2,8,19,0,3,3,3,0,0,0,162,3,10,14,0,4,4,4,0,0,0,162,4,7,15,0,5,5,5,0,0,0,162,0,21,12,0,6,6,6,0,0,0,162,1,12,13,0,7,7,7,0,0,0,162,3,14,16,0,8,8,8,0,0,0,162,4,15,11,0,9,9,9,0,0,0,162,5,18,23,0,10,10,10,0,0,0,162,6,20,22,0,11,11,11,0,0,0,162,21,6,22,0,12,12,12,0,0,0,162,22,20,24,0,13,13,13,0,0,0,162,24,23,22,0,14,14,14,0,0,0,162,24,19,23,0,15,15,15,0,0,0,162,19,5,23,0,16,16,16,0,0,0,162,18,17,23,0,17,17,17,0,0,0,162,23,17,22,0,18,18,18,0,0,0,162,17,21,22,0,19,19,19,0,0,0,162,11,15,21,0,20,20,20,0,0,0,162,15,6,21,0,21,21,21,0,0,0,162,16,20,6,0,22,22,22,0,0,0,162,16,14,20,0,23,23,23,0,0,0,162,14,24,20,0,24,24,24,0,0,0,162,2,19,24,0,25,25,25,0,0,0,162,13,18,5,0,26,26,26,0,0,0,162,13,12,18,0,27,27,27,0,0,0,162,12,17,18,0,28,28,28,0,0,0,162,12,21,17,0,29,29,29,0,0,0,162,15,16,6,0,30,30,30,0,0,0,162,15,7,16,0,31,31,31,0,0,0,162,7,3,16,0,32,32,32,0,0,0,162,14,2,24,0,33,33,33,0,0,0,162,14,10,2,0,34,34,34,0,0,0,162,19,13,5,0,35,35,35,0,0,0,162,19,8,13,0,36,36,36,0,0,0,162,8,1,13,0,37,37,37,0,0,0,162,21,4,11,0,38,38,38,0,0,0,162,9,3,7,0,39,39,39,0,0,0,162,9,10,3,0,40,40,40,0,0,0,162,10,8,2,0,41,41,41,0,0,0,162,10,7,8,0,42,42,42,0,0,0,162,7,1,8,0,43,43,43,0,0,0,162,4,0,7,0,44,44,44,0,0,0,162,7,0,1,0,45,45,45,0,0,0],
    "vertices":[0.512565,-0.351873,0.379452,-0.177536,-0.292522,0.699391,-0.827521,-0.130755,-0.113842,-0.243794,-0.342976,-0.801595,0.727643,-0.349135,-0.46482,-0.641547,0.437957,0.552015,0.253917,0.425168,-0.806813,0.268358,-0.762527,-0.208457,-0.649752,-0.412807,0.460242,-0.130005,-0.667226,-0.435196,-0.329121,-0.573848,-0.024763,0.97983,0.058572,-0.293159,0.51999,0.188576,0.835217,-0.652006,0.114351,0.875136,-0.445371,0.038826,-0.702308,0.582971,0.075271,-0.758069,0.033226,0.139049,-0.932994,0.43009,0.519518,0.797737,-0.244131,0.589424,0.810607,-0.711526,-0.049297,0.244987,-0.219276,0.50309,-0.74794,0.725157,0.24649,-0.051605,0.072406,0.330271,0.018866,-0.086794,0.463267,0.325416,-0.304561,0.154355,-0.245172],
    "name":"Icosphere.002Geometry.1"
}