{
    "materials":[{
        "visible":true,
        "colorEmissive":[0,0,0],
        "shading":"phong",
        "DbgColor":15658734,
        "specularCoef":50,
        "vertexColors":true,
        "colorSpecular":[0.031008,0.031008,0.031008],
        "depthTest":true,
        "opacity":1,
        "wireframe":false,
        "DbgName":"asteroid mat",
        "DbgIndex":0,
        "transparent":false,
        "depthWrite":true,
        "blending":"NormalBlending"
    }],
    "normals":[-0.115743,-0.774467,0.621936,-0.288212,-0.942666,0.168271,0.928351,-0.199755,0.313469,0.140812,-0.643571,0.752322,-0.885624,-0.41584,-0.206754,0.938131,-0.330816,0.102323,-0.4934,-0.076377,-0.866443,0.771437,0.018645,-0.636032,-0.007045,0.999709,0.023093,0.262444,0.949428,0.172364,-0.107053,0.988018,-0.111174,0.385392,0.922431,0.024373,-0.43582,0.774522,0.45845,-0.634837,0.758853,-0.145343,-0.032289,0.948001,-0.316625,-0.125519,0.968194,-0.216439,-0.017625,0.999294,0.03319,-0.007792,0.999916,-0.010344,0.506219,0.795547,-0.332936,0.510021,0.79063,-0.338794,0.857898,0.377252,-0.348844,-0.301603,0.647416,-0.69992,-0.552378,0.312503,-0.772801,-0.681629,0.722477,-0.115795,-0.829644,0.263937,0.491964,-0.948678,0.311287,-0.05576,-0.162338,0.208087,0.964545,0.721023,0.320935,0.614107,0.981969,0.010448,0.188751,0.495458,0.041286,-0.86765,0.332612,-0.485357,-0.808578,-0.726902,0.306555,-0.614522,-0.54815,-0.681437,-0.484948,-0.447073,-0.64677,-0.617912,-0.905375,-0.101168,0.412385,-0.876135,-0.200144,0.438554,0.075239,-0.150003,0.985818,0.090904,-0.703975,0.704383,0.386574,-0.543038,0.745432,-0.035066,-0.567796,-0.822422,0.34828,-0.596923,-0.722761,0.40615,-0.621159,-0.670227,-0.802377,-0.551308,-0.228583,-0.466989,-0.873032,0.140487,0.064898,-0.943158,0.325946,0.707069,-0.663464,0.244683],
    "colors":[12300449,0],
    "metadata":{
        "colors":2,
        "normals":46,
        "materials":1,
        "version":3,
        "type":"Geometry",
        "generator":"io_three",
        "uvs":0,
        "faces":46,
        "vertices":25
    },
    "uvs":[],
    "faces":[162,0,7,9,0,0,0,0,0,0,0,162,0,9,8,0,1,1,1,0,0,0,162,7,3,21,0,2,2,2,0,0,0,162,1,7,13,0,3,3,3,0,0,0,162,2,9,14,0,4,4,4,0,0,0,162,7,21,11,0,5,5,5,0,0,0,162,2,14,17,0,6,6,6,0,0,0,162,3,16,10,0,7,7,7,0,0,0,162,4,18,23,0,8,8,8,0,0,0,162,5,20,24,0,9,9,9,0,0,0,162,6,5,22,0,10,10,10,0,0,0,162,21,6,22,0,11,11,11,0,0,0,162,22,5,24,0,12,12,12,0,0,0,162,24,23,22,0,13,13,13,0,0,0,162,24,20,23,0,14,14,14,0,0,0,162,20,19,23,0,15,15,15,0,0,0,162,19,4,23,0,16,16,16,0,0,0,162,23,18,22,0,17,17,17,0,0,0,162,18,21,22,0,18,18,18,0,0,0,162,10,16,21,0,19,19,19,0,0,0,162,16,6,21,0,20,20,20,0,0,0,162,17,5,6,0,21,21,21,0,0,0,162,17,14,5,0,22,22,22,0,0,0,162,15,20,5,0,23,23,23,0,0,0,162,15,12,20,0,24,24,24,0,0,0,162,12,19,20,0,25,25,25,0,0,0,162,13,4,19,0,26,26,26,0,0,0,162,11,18,4,0,27,27,27,0,0,0,162,11,21,18,0,28,28,28,0,0,0,162,16,17,6,0,29,29,29,0,0,0,162,16,2,17,0,30,30,30,0,0,0,162,14,15,5,0,31,31,31,0,0,0,162,14,9,15,0,32,32,32,0,0,0,162,9,12,15,0,33,33,33,0,0,0,162,12,13,19,0,34,34,34,0,0,0,162,12,1,13,0,35,35,35,0,0,0,162,13,11,4,0,36,36,36,0,0,0,162,13,7,11,0,37,37,37,0,0,0,162,21,3,10,0,38,38,38,0,0,0,162,0,16,3,0,39,39,39,0,0,0,162,0,8,16,0,40,40,40,0,0,0,162,8,2,16,0,41,41,41,0,0,0,162,8,9,2,0,42,42,42,0,0,0,162,9,1,12,0,43,43,43,0,0,0,162,9,7,1,0,44,44,44,0,0,0,162,3,7,0,0,45,45,45,0,0,0],
    "vertices":[0.301378,-0.909437,-0.155623,-0.601223,-0.452668,0.667121,-0.293775,-0.450604,-0.875325,0.841802,-0.457151,-0.490921,0.337465,0.54794,1.0404,-0.446266,0.44154,-0.66794,0.309019,0.492007,-0.946719,0.522259,-0.446089,0.462467,-0.160119,-0.821063,-0.450993,-0.40351,-0.662435,0.020775,1.02323,-0.007862,-0.257704,0.644468,0.048476,0.940974,-0.905574,-0.382564,0.091088,-0.522962,-0.024185,1.01902,-0.533057,0.011507,-0.779799,-0.986355,-0.001003,-0.249846,0.549806,0.052233,-0.830147,0.035021,0.179117,-1.11807,0.703871,0.560613,0.603585,-0.650361,0.535954,0.876734,-0.662148,0.361346,0.102496,0.815224,0.254411,0.041226,0.136194,0.546921,-0.292268,-0.063392,0.554811,0.620686,-0.204327,0.28485,-0.173227],
    "name":"IcosphereGeometry.1"
}