{
    "materials":[{
        "visible":true,
        "colorEmissive":[0,0,0],
        "shading":"phong",
        "DbgColor":15658734,
        "specularCoef":50,
        "vertexColors":true,
        "colorSpecular":[0.031008,0.031008,0.031008],
        "depthTest":true,
        "opacity":1,
        "wireframe":false,
        "DbgName":"asteroid mat",
        "DbgIndex":0,
        "transparent":false,
        "depthWrite":true,
        "blending":"NormalBlending"
    }],
    "normals":[0.782183,0.311174,0.539779,-0.300127,0.583956,0.754268,0.395172,-0.918607,2.6e-05,-0.064075,0.965239,0.253393,-0.759999,0.649202,0.030627,0.353749,0.888374,0.292665,0.874944,-0.337367,0.347357,0.579971,0.313421,-0.751931,-0.596801,0.740234,-0.30965,0.44791,0.392159,-0.803485,0.121773,-0.977728,-0.170936,0.491553,0.794496,-0.356584,-0.337462,-0.940008,0.050041,0.284759,-0.010373,-0.958543,-0.161418,-0.351519,0.92216,-0.316152,-0.934633,-0.162814,0.462587,-0.366362,0.807336,-0.389058,-0.716379,-0.579168,0.088461,-0.984152,-0.153688,-0.645111,0.723772,-0.24492,-0.214236,0.849523,-0.482094,0.826548,0.329436,0.456388,0.793091,0.300416,0.529864,-0.212738,0.650758,0.728873,-0.003025,-0.993287,0.115639,-0.223923,0.966777,0.123289,0.245372,0.912884,-0.326244,0.809951,-0.585994,-0.024316,-0.239164,-0.965442,0.103549,0.450508,0.385631,-0.80519,-0.92709,0.224754,0.299982,0.466378,-0.221919,-0.856296,-0.536024,-0.8442,-0.001953,-0.144702,-0.749962,-0.645459,0.076123,-0.983279,-0.16543,-0.176744,0.972372,-0.152493,-0.239955,0.828921,-0.505283,-0.907239,0.248385,-0.339444],
    "colors":[12300449,0],
    "metadata":{
        "colors":2,
        "normals":38,
        "materials":1,
        "version":3,
        "type":"Geometry",
        "generator":"io_three",
        "uvs":0,
        "faces":38,
        "vertices":21
    },
    "uvs":[],
    "faces":[162,6,10,11,0,0,0,0,0,0,0,162,20,1,0,0,1,1,1,0,0,0,162,15,10,14,0,2,2,2,0,0,0,162,16,1,2,0,3,3,3,0,0,0,162,1,4,0,0,4,4,4,0,0,0,162,16,2,6,0,5,5,5,0,0,0,162,10,5,11,0,6,6,6,0,0,0,162,18,13,19,0,7,7,7,0,0,0,162,4,8,12,0,8,8,8,0,0,0,162,11,9,13,0,9,9,9,0,0,0,162,15,7,17,0,10,10,10,0,0,0,162,11,18,6,0,11,11,11,0,0,0,162,3,12,7,0,12,12,12,0,0,0,162,17,13,9,0,13,13,13,0,0,0,162,20,0,14,0,14,14,14,0,0,0,162,14,3,15,0,15,15,15,0,0,0,162,10,20,14,0,16,16,16,0,0,0,162,7,19,17,0,17,17,17,0,0,0,162,15,9,5,0,18,18,18,0,0,0,162,8,19,12,0,19,19,19,0,0,0,162,4,18,8,0,20,20,20,0,0,0,162,10,2,20,0,21,21,21,0,0,0,162,6,2,10,0,22,22,22,0,0,0,162,20,2,1,0,23,23,23,0,0,0,162,15,5,10,0,24,24,24,0,0,0,162,16,4,1,0,25,25,25,0,0,0,162,16,6,18,0,26,26,26,0,0,0,162,11,5,9,0,27,27,27,0,0,0,162,15,3,7,0,28,28,28,0,0,0,162,11,13,18,0,29,29,29,0,0,0,162,3,4,12,0,30,30,30,0,0,0,162,17,19,13,0,31,31,31,0,0,0,162,14,0,3,0,32,32,32,0,0,0,162,7,12,19,0,33,33,33,0,0,0,162,15,17,9,0,34,34,34,0,0,0,162,8,18,19,0,35,35,35,0,0,0,162,4,16,18,0,36,36,36,0,0,0,162,0,4,3,0,37,37,37,0,0,0],
    "vertices":[-0.303078,-0.069014,-1.75897,-0.137436,0.12902,-1.84638,0.026323,0.12683,-1.79663,-0.194433,-0.137211,-2.09925,-0.116959,0.164282,-2.0857,0.272947,-0.208966,-2.1246,0.241314,0.151919,-2.13265,-0.059053,-0.200657,-2.37811,-0.172307,0.033666,-2.29127,0.298244,-0.16217,-2.4097,0.175797,-0.176512,-1.84838,0.407928,-0.016063,-2.27725,-0.293963,-0.118597,-2.42079,0.135242,-0.077096,-2.45905,-0.008705,-0.25588,-1.77868,0.084307,-0.215879,-2.18891,0.070077,0.209476,-2.10038,0.042863,-0.16919,-2.48549,0.1839,0.088834,-2.35235,-0.092561,-0.000712,-2.60291,0.015393,-0.007585,-1.67981],
    "name":"Cube.004Geometry"
}