{
    "materials":[{
        "visible":true,
        "colorEmissive":[0,0,0],
        "shading":"phong",
        "DbgColor":15658734,
        "specularCoef":50,
        "vertexColors":true,
        "colorSpecular":[0.031008,0.031008,0.031008],
        "depthTest":true,
        "opacity":1,
        "wireframe":false,
        "DbgName":"asteroid mat",
        "DbgIndex":0,
        "transparent":false,
        "depthWrite":true,
        "blending":"NormalBlending"
    }],
    "normals":[-0.672641,-0.616043,0.409932,-0.036873,-0.987962,0.150236,0.919344,-0.354284,-0.171139,-0.018616,-0.514235,0.857447,0.502448,-0.576498,-0.644357,-0.344338,-0.280501,0.895964,0.902386,-0.380004,-0.203213,-0.50003,0.543866,0.673929,0.824002,0.478487,0.303431,0.254298,0.963738,-0.080878,-0.322507,0.923509,0.207652,-0.413531,0.889978,0.192174,-0.82245,0.467244,-0.324436,-0.22617,0.940338,-0.254187,0.101297,0.992936,0.061776,0.688761,0.611135,0.390029,0.852383,0.466402,-0.236458,0.425616,0.69017,-0.585249,-0.135561,0.158088,-0.978075,-0.654965,0.374208,-0.656497,-0.371791,0.184388,0.90982,-0.096611,0.41609,0.904177,0.870437,0.491291,0.031188,0.884616,0.466314,0.002298,0.071789,0.255467,-0.964149,-0.857145,-0.413528,-0.307078,-0.806118,-0.522984,0.276877,-0.935637,0.312349,-0.164382,-0.88604,-0.46296,-0.024525,0.446532,0.034888,0.894087,0.331256,-0.366215,0.869572,0.78622,-0.433214,0.440664,0.780861,-0.37949,0.496229,0.134663,-0.744131,-0.65432,-0.180495,-0.520882,-0.834328,-0.733988,-0.662417,-0.149883,0.478215,-0.610399,0.631445,-0.061371,-0.955382,0.288926,0.555778,-0.830924,0.025998,0.668178,-0.741626,0.059407],
    "colors":[12300449,0],
    "metadata":{
        "colors":2,
        "normals":40,
        "materials":1,
        "version":3,
        "type":"Geometry",
        "generator":"io_three",
        "uvs":0,
        "faces":40,
        "vertices":22
    },
    "uvs":[],
    "faces":[162,4,17,8,0,0,0,0,0,0,0,162,4,8,7,0,1,1,1,0,0,0,162,0,6,3,0,2,2,2,0,0,0,162,1,5,10,0,3,3,3,0,0,0,162,7,15,14,0,4,4,4,0,0,0,162,1,10,11,0,5,5,5,0,0,0,162,7,14,9,0,6,6,6,0,0,0,162,13,17,20,0,7,7,7,0,0,0,162,3,18,19,0,8,8,8,0,0,0,162,19,18,21,0,9,9,9,0,0,0,162,21,20,19,0,10,10,10,0,0,0,162,21,13,20,0,11,11,11,0,0,0,162,17,16,20,0,12,12,12,0,0,0,162,20,16,19,0,13,13,13,0,0,0,162,16,2,19,0,14,14,14,0,0,0,162,9,18,3,0,15,15,15,0,0,0,162,9,14,18,0,16,16,16,0,0,0,162,14,21,18,0,17,17,17,0,0,0,162,15,12,21,0,18,18,18,0,0,0,162,12,13,21,0,19,19,19,0,0,0,162,11,10,16,0,20,20,20,0,0,0,162,10,2,16,0,21,21,21,0,0,0,162,0,19,2,0,22,22,22,0,0,0,162,0,3,19,0,23,23,23,0,0,0,162,14,15,21,0,24,24,24,0,0,0,162,12,8,13,0,25,25,25,0,0,0,162,8,17,13,0,26,26,26,0,0,0,162,17,11,16,0,27,27,27,0,0,0,162,17,1,11,0,28,28,28,0,0,0,162,10,0,2,0,29,29,29,0,0,0,162,10,5,0,0,30,30,30,0,0,0,162,3,6,9,0,31,31,31,0,0,0,162,6,7,9,0,32,32,32,0,0,0,162,7,8,15,0,33,33,33,0,0,0,162,8,12,15,0,34,34,34,0,0,0,162,17,4,1,0,35,35,35,0,0,0,162,6,4,7,0,36,36,36,0,0,0,162,4,5,1,0,37,37,37,0,0,0,162,4,6,5,0,38,38,38,0,0,0,162,6,0,5,0,39,39,39,0,0,0],
    "vertices":[0.728208,-0.089432,0.937931,-0.509197,-0.477574,0.954057,0.316101,0.629428,1.1157,0.644207,0.073809,0.148748,-0.073568,-0.765663,0.093975,0.238843,-0.530272,0.938694,0.42857,-0.431593,0.036624,0.538267,-0.875038,-0.475119,-0.452707,-0.869947,-0.684857,0.954918,0.076033,-0.403427,-0.044974,0.109652,1.31631,-0.799139,0.074086,1.01534,-0.647852,-0.174304,-1.07694,-1.07325,0.223782,-0.425626,0.781602,0.038334,-1.10256,0.280944,-0.266169,-1.22052,-0.573416,0.728937,0.974861,-0.691751,-0.083225,0.105187,0.639124,0.555229,-0.59661,0.316903,0.695167,0.057747,-0.280894,0.515912,-0.073481,-0.210168,0.746417,-0.988784],
    "name":"Icosphere.001Geometry.1"
}