{
    "materials":[{
        "visible":true,
        "colorEmissive":[0,0,0],
        "shading":"phong",
        "DbgColor":15658734,
        "specularCoef":50,
        "vertexColors":true,
        "colorSpecular":[0.031008,0.031008,0.031008],
        "depthTest":true,
        "opacity":1,
        "wireframe":false,
        "DbgName":"asteroid mat",
        "DbgIndex":0,
        "transparent":false,
        "depthWrite":true,
        "blending":"NormalBlending"
    }],
    "normals":[-0.276614,-0.957337,0.083608,0.955962,-0.16459,0.242997,0.285435,-0.620142,0.730719,-0.952556,0.018039,0.303828,-0.885195,-0.410351,-0.219185,0.040407,-0.558637,-0.828427,0.959196,-0.189861,0.209512,0.053645,-0.342585,0.937954,-0.434961,0.004513,-0.900438,0.74338,-0.189769,-0.641384,-0.164568,0.940317,-0.297862,0.178891,0.972203,0.151063,0.141227,0.979504,0.143622,-0.598056,0.70248,0.385813,-0.106333,0.890835,-0.441709,-0.608966,0.771283,-0.185154,-0.340114,0.535808,-0.772808,0.096403,0.97048,-0.221078,0.181997,0.933058,-0.31029,0.093098,0.956855,-0.275247,0.375623,0.880557,-0.289011,0.715868,0.631823,-0.297207,-0.041453,0.42976,-0.901991,-0.452906,0.133929,-0.881442,-0.881365,0.444855,0.159058,-0.486183,0.872895,-0.040992,-0.587755,0.581081,0.562929,0.026744,0.111967,0.993352,0.031476,0.120915,0.992164,0.931284,0.27945,0.233703,0.316529,0.167605,-0.933658,0.183051,-0.586388,-0.789076,0.472317,-0.474015,-0.743119,-0.49073,0.868626,-0.068365,-0.510065,-0.6797,-0.527107,-0.99269,0.099822,0.06784,-0.98812,-0.097638,0.118687,-0.233385,-0.602003,0.763626,0.338826,-0.535339,0.773698,0.223129,-0.694562,-0.683957,-0.786761,-0.562729,-0.253659,-0.637217,-0.751292,-0.171798,-0.256221,-0.955252,0.147798,-0.005315,-0.889097,0.457687,0.71152,-0.679469,0.179056,0.167423,-0.839534,0.516869],
    "colors":[12300449,0],
    "metadata":{
        "colors":2,
        "normals":46,
        "materials":1,
        "version":3,
        "type":"Geometry",
        "generator":"io_three",
        "uvs":0,
        "faces":46,
        "vertices":25
    },
    "uvs":[],
    "faces":[162,7,10,9,0,0,0,0,0,0,0,162,0,4,21,0,1,1,1,0,0,0,162,1,0,12,0,2,2,2,0,0,0,162,2,8,19,0,3,3,3,0,0,0,162,3,10,14,0,4,4,4,0,0,0,162,4,7,15,0,5,5,5,0,0,0,162,0,21,12,0,6,6,6,0,0,0,162,1,12,13,0,7,7,7,0,0,0,162,3,14,16,0,8,8,8,0,0,0,162,4,15,11,0,9,9,9,0,0,0,162,5,18,23,0,10,10,10,0,0,0,162,6,20,22,0,11,11,11,0,0,0,162,21,6,22,0,12,12,12,0,0,0,162,22,20,24,0,13,13,13,0,0,0,162,24,23,22,0,14,14,14,0,0,0,162,24,19,23,0,15,15,15,0,0,0,162,19,5,23,0,16,16,16,0,0,0,162,18,17,23,0,17,17,17,0,0,0,162,23,17,22,0,18,18,18,0,0,0,162,17,21,22,0,19,19,19,0,0,0,162,11,15,21,0,20,20,20,0,0,0,162,15,6,21,0,21,21,21,0,0,0,162,16,20,6,0,22,22,22,0,0,0,162,16,14,20,0,23,23,23,0,0,0,162,14,24,20,0,24,24,24,0,0,0,162,2,19,24,0,25,25,25,0,0,0,162,13,18,5,0,26,26,26,0,0,0,162,13,12,18,0,27,27,27,0,0,0,162,12,17,18,0,28,28,28,0,0,0,162,12,21,17,0,29,29,29,0,0,0,162,15,16,6,0,30,30,30,0,0,0,162,15,7,16,0,31,31,31,0,0,0,162,7,3,16,0,32,32,32,0,0,0,162,14,2,24,0,33,33,33,0,0,0,162,14,10,2,0,34,34,34,0,0,0,162,19,13,5,0,35,35,35,0,0,0,162,19,8,13,0,36,36,36,0,0,0,162,8,1,13,0,37,37,37,0,0,0,162,21,4,11,0,38,38,38,0,0,0,162,9,3,7,0,39,39,39,0,0,0,162,9,10,3,0,40,40,40,0,0,0,162,10,8,2,0,41,41,41,0,0,0,162,10,7,8,0,42,42,42,0,0,0,162,7,1,8,0,43,43,43,0,0,0,162,4,0,7,0,44,44,44,0,0,0,162,7,0,1,0,45,45,45,0,0,0],
    "vertices":[-1.75472,-0.228029,2.18325,-2.09977,-0.198353,2.34321,-2.42476,-0.117469,1.9366,-2.1329,-0.22358,1.59272,-1.64718,-0.22666,1.76111,-2.33177,0.166887,2.26953,-1.88404,0.160492,1.59011,-1.87682,-0.433356,1.88929,-2.33588,-0.258496,2.22364,-2.076,-0.385705,1.77592,-2.17556,-0.339016,1.98114,-1.52108,-0.022806,1.84694,-1.751,0.042196,2.41113,-2.337,0.005083,2.43109,-2.23368,-0.032679,1.64237,-1.71951,-0.014456,1.61448,-1.99439,0.017432,1.52702,-1.79595,0.207667,2.39239,-2.13306,0.24262,2.39882,-2.36676,-0.076741,2.11601,-2.12064,0.199453,1.61955,-1.64842,0.071153,1.96772,-1.9748,0.113044,2.00295,-2.0544,0.179541,2.15623,-2.16328,0.025085,1.87093],
    "name":"Icosphere.002Geometry"
}