{
    "materials":[{
        "visible":true,
        "colorEmissive":[0,0,0],
        "shading":"phong",
        "DbgColor":15658734,
        "specularCoef":50,
        "vertexColors":true,
        "colorSpecular":[0.031008,0.031008,0.031008],
        "depthTest":true,
        "opacity":1,
        "wireframe":false,
        "DbgName":"asteroid mat",
        "DbgIndex":0,
        "transparent":false,
        "depthWrite":true,
        "blending":"NormalBlending"
    }],
    "normals":[0.883561,0.274645,0.379328,0.468974,-0.872507,0.137096,-0.268112,0.940922,0.206839,-0.018261,0.876459,-0.481131,-0.161753,0.661884,-0.731947,-0.831997,0.42823,-0.352703,-0.176213,-0.936609,-0.302841,0.751349,0.640593,-0.158479,0.359246,-0.17946,-0.915825,-0.342965,-0.931116,0.124086,0.429892,-0.267094,0.862469,0.820172,0.333846,0.464613,0.518087,-0.850297,0.092632,-0.26343,0.941036,0.212263,-0.757773,0.638972,0.13227,-0.360392,-0.919083,-0.159386,0.001338,0.22336,-0.974735,-0.188251,-0.268246,0.944778,0.331511,-0.906994,-0.259735,-0.5912,-0.556248,0.584013],
    "colors":[12300449,0],
    "metadata":{
        "colors":2,
        "normals":20,
        "materials":1,
        "version":3,
        "type":"Geometry",
        "generator":"io_three",
        "uvs":0,
        "faces":20,
        "vertices":12
    },
    "uvs":[],
    "faces":[162,9,4,6,0,0,0,0,0,0,0,162,8,4,0,0,1,1,1,0,0,0,162,9,3,1,0,2,2,2,0,0,0,162,9,2,11,0,3,3,3,0,0,0,162,11,2,7,0,4,4,4,0,0,0,162,11,7,5,0,5,5,5,0,0,0,162,8,7,10,0,6,6,6,0,0,0,162,6,2,9,0,7,7,7,0,0,0,162,10,2,6,0,8,8,8,0,0,0,162,8,0,5,0,9,9,9,0,0,0,162,4,1,0,0,10,10,10,0,0,0,162,9,1,4,0,11,11,11,0,0,0,162,8,6,4,0,12,12,12,0,0,0,162,9,11,3,0,13,13,13,0,0,0,162,3,11,5,0,14,14,14,0,0,0,162,8,5,7,0,15,15,15,0,0,0,162,10,7,2,0,16,16,16,0,0,0,162,1,3,0,0,17,17,17,0,0,0,162,6,8,10,0,18,18,18,0,0,0,162,0,3,5,0,19,19,19,0,0,0],
    "vertices":[-2.01243,-0.191371,-1.89249,-2.00436,0.027123,-1.82885,-1.82498,0.003186,-2.34031,-2.16256,-0.008785,-1.87057,-1.87921,-0.127071,-1.93898,-2.2941,-0.116062,-2.1059,-1.74208,-0.081878,-2.29112,-2.18228,-0.114496,-2.36777,-2.00622,-0.225073,-2.12822,-1.88166,0.125189,-2.11591,-1.98972,-0.148303,-2.37525,-2.15566,0.069164,-2.20757],
    "name":"Cube.003Geometry"
}