{
    "colors":[10390644,6051407],
    "vertices":[-0.401665,-0.561666,1.3033,-0.400694,-0.118264,1.2376,-0.531631,-0.561666,0.551044,-0.509739,0.090713,0.709642,0.507078,-0.561666,1.32885,0.306399,-0.141247,1.24196,0.630826,-0.561666,0.624149,0.520384,0.174367,0.786773,-0.448898,-0.561666,-0.10087,-0.358489,0.118959,-0.152235,0.339908,-0.561666,-0.173976,0.331785,0.136112,-0.210529,-0.389481,-0.561666,-1.05027,-0.269784,0.231298,-1.05199,0.391202,-0.561666,-1.03809,0.232582,0.231298,-1.03136,-0.558798,0.765741,-0.20692,0.57267,0.858395,-0.3487,-0.404279,0.839216,-1.21951,0.459748,0.916475,-1.23229,-0.426279,-0.365267,1.34008,-0.634873,-0.334047,0.60045,0.677833,-0.305573,0.670685,0.434177,-0.383258,1.36986,-0.428951,-0.268797,-0.145125,0.357283,-0.259679,-0.214973,-0.400145,-0.150651,-1.13749,0.409045,-0.150651,-1.11389,-0.4593,0.792968,0.09247,0.403148,0.839602,0.099176,0.268058,0.509972,-0.141625,-0.347797,0.494668,-0.089616,0.435289,-0.561666,-0.606032,0.456916,0.163982,-0.636492,-0.493312,-0.561666,-0.575571,-0.478268,0.155406,-0.625622,0.443072,0.980749,-0.706465,-0.440497,0.95431,-0.656314,-0.516361,-0.234608,-0.649099,0.474371,-0.230049,-0.67107,0.304274,0.2553,-0.098727,-0.361041,0.238767,-0.042541,-0.31218,0.049913,0.132101,-0.48187,-0.561666,0.158936,0.455847,-0.561666,0.1441,0.286895,0.057439,0.149687,0.421788,-0.279341,0.134604,-0.447774,-0.293429,0.155392,0.281848,0.081519,0.179494,-0.308918,0.073519,0.158626,-0.037054,0.202391,-1.12419,-0.026945,-0.561666,-1.12157,-0.037289,0.26371,-0.030904,0.539409,-0.711251,1.41023,-0.056638,-0.071156,1.34008,0.052706,-0.561666,1.46857,-0.01519,0.235674,0.740859,0.052785,-0.738954,0.621761,-0.031278,0.125281,0.159874,-0.427226,-0.711251,1.38305,-0.565471,-0.688057,0.582879,-0.047318,0.49565,-0.058556,0.003949,-0.374263,1.50747,0.008848,-0.197952,-1.19757,0.018606,0.776446,-1.35218,-0.02788,0.779597,0.136926,-0.565471,-0.561666,0.582879,-0.427226,-0.561666,1.38305,0.539409,-0.561666,1.41023,0.67104,-0.561666,0.660642,0.056092,-0.561666,1.55886,-0.477468,-0.561666,-0.110565,-0.512539,-0.561666,0.165793,0.484915,-0.561666,0.150012,0.361589,-0.561666,-0.188327,-0.028634,-0.561666,-1.19628,-0.414265,-0.561666,-1.12045,0.463047,-0.561666,-0.647907,0.416151,-0.561666,-1.10749,-0.524711,-0.561666,-0.615506,0.67104,-0.731131,0.660642,0.056092,-0.711251,1.55886,-0.057939,-0.742329,-0.149446,-0.477468,-0.734445,-0.110565,-0.512539,-0.688057,0.165793,0.484915,-0.711251,0.150012,0.361589,-0.711251,-0.188327,-0.028634,-0.711251,-1.19628,-0.414265,-0.711251,-1.12045,0.463047,-0.731131,-0.647907,0.416151,-0.711251,-1.10749,-0.524711,-0.727818,-0.615506,-0.030832,-0.690474,-0.631706,-0.013812,-0.687011,0.157903,-0.276348,0.110584,-0.160688,0.249223,0.13272,-0.218315,-0.211535,0.231898,-0.992865,0.174096,0.233782,-0.972525,-0.47636,0.775136,-0.204762,0.490666,0.870878,-0.34584,-0.341425,0.858199,-1.16874,0.395117,0.940671,-1.18617,-0.451432,0.838796,0.023718,0.387737,0.889404,0.034593,0.249848,0.53128,-0.219746,-0.340244,0.514462,-0.169865,0.374075,0.163681,-0.631383,-0.395663,0.151358,-0.618626,0.362027,0.994473,-0.694965,-0.358821,0.963127,-0.644477,0.289377,0.211755,-0.167795,-0.352785,0.197947,-0.114335,-0.233696,0.024276,0.140558,0.209225,0.032907,0.165625,0.270921,-7.9e-05,0.166104,-0.293086,-0.006763,0.142049,-0.037406,0.206325,-1.04128,-0.040627,0.22003,-0.101401,-0.028659,0.044822,0.139676,-0.052506,0.515124,-0.139071,0.014695,0.807088,-1.27514,-0.032465,0.828049,0.069695,-0.504289,0.005128,0.672692,0.525834,0.088781,0.749822,0.434759,0.083297,0.74597,-0.479825,0.065476,0.69421,-0.339335,-0.346076,0.030755,-0.303503,-0.285404,-0.262033,0.222068,-0.263269,-0.31966,-0.23869,-0.164091,-1.09421,0.146941,-0.162206,-1.07387,0.34692,-0.232308,-0.732728,-0.422819,-0.244631,-0.719971,-0.260852,-0.371712,0.039213,0.182069,-0.363082,0.06428,-0.064562,-0.189664,-1.14263,-0.325319,-0.562018,0.083063,-0.289488,-0.562018,-0.209726,0.236083,-0.562018,-0.267353,-0.224674,-0.562019,-1.0419,0.160956,-0.562019,-1.02156,0.360936,-0.562018,-0.680421,-0.408803,-0.562018,-0.667664,-0.246836,-0.562018,0.09152,0.196085,-0.562018,0.116587,-0.050546,-0.562019,-1.09032,-0.050546,-0.562018,-0.655505,-0.050546,-0.562018,-0.136467,-0.00833,-0.562018,0.09152],
    "uvs":[],
    "name":"Cube.013Geometry.2",