{
    "colors":[13619151,7506834,0],
    "vertices":[0,-0.0078,-4.68814,-2.75562,-0.0078,-3.79278,-4.45868,-0.0078,-1.44871,-4.45868,-0.0078,1.44871,-2.75562,-0.0078,3.79278,0,-0.0078,4.68814,2.75562,-0.0078,3.79278,4.45868,-0.0078,1.44871,4.45868,-0.0078,-1.44871,2.75562,-0.0078,-3.79278,0.722113,0.680111,-0.993904,1.1684,0.680111,-0.379638,1.1684,0.680111,0.379637,0.722113,0.680111,0.993904,0,0.680111,1.22853,-0.722113,0.680111,0.993904,-1.1684,0.680111,0.379637,-1.1684,0.680111,-0.379637,-0.722113,0.680111,-0.993904,0,0.680111,-1.22853,4.45868,-0.210871,-1.44871,4.45868,-0.210871,1.44871,2.75562,-0.210871,3.79278,0,-0.210871,4.68814,-2.75562,-0.210871,3.79278,-4.45868,-0.210871,1.44871,-4.45868,-0.210871,-1.44871,-2.75562,-0.210871,-3.79278,0,-0.210871,-4.68814,2.75562,-0.210871,-3.79278,0.974379,-0.860699,-0.316595,0.974379,-0.860699,0.316595,0.602199,-0.860699,0.828856,0,-0.860699,1.02452,-0.602199,-0.860699,0.828856,-0.974379,-0.860699,0.316595,-0.974379,-0.860699,-0.316595,-0.602199,-0.860699,-0.828856,-0,-0.860699,-1.02452,0.602199,-0.860699,-0.828857,-0,1.90235,-0,0.359268,1.73858,-0.494491,0.622271,1.29113,-0.856483,0.581308,1.73858,-0.188879,1.00686,1.29113,-0.327148,0.581308,1.73858,0.188878,1.00686,1.29113,0.327147,0.359268,1.73858,0.49449,0.622271,1.29113,0.856483,0,1.73858,0.611224,0,1.29113,1.05867,-0.359268,1.73858,0.49449,-0.622271,1.29113,0.856483,-0.581309,1.73858,0.188878,-1.00686,1.29113,0.327147,-0.581309,1.73858,-0.188879,-1.00686,1.29113,-0.327148,-0.359268,1.73858,-0.494491,-0.622271,1.29113,-0.856483,-0,1.73858,-0.611224,-0,1.29113,-1.05867,0.83164,-1.07789,-0.270216,0.83164,-1.07789,0.270217,0.513982,-1.07789,0.707436,0,-1.07789,0.874439,-0.513982,-1.07789,0.707436,-0.831641,-1.07789,0.270217,-0.831641,-1.07789,-0.270216,-0.513982,-1.07789,-0.707436,-0,-1.07789,-0.874439,0.513982,-1.07789,-0.707436,0.58398,-1.07789,-0.189747,0.58398,-1.07789,0.189747,0.36092,-1.07789,0.496764,-0,-1.07789,0.614034,-0.36092,-1.07789,0.496764,-0.583981,-1.07789,0.189747,-0.583981,-1.07789,-0.189747,-0.36092,-1.07789,-0.496764,-0,-1.07789,-0.614034,0.36092,-1.07789,-0.496764,0.58398,-0.461065,-0.189747,0.58398,-0.461065,0.189747,0.36092,-0.461065,0.496764,-0,-0.461065,0.614034,-0.36092,-0.461065,0.496764,-0.583981,-0.461065,0.189747,-0.583981,-0.461065,-0.189747,-0.36092,-0.461065,-0.496764,-0,-0.461065,-0.614034,0.36092,-0.461065,-0.496764,-1.73887,0.428536,2.39334,-2.81354,0.428536,0.914176,1.73887,0.428536,2.39334,1.73887,0.428536,-2.39334,-2.81354,0.428536,-0.914176,2.81354,0.428536,0.914176,0,0.428536,2.95833,2.81354,0.428536,-0.914176,-1.73887,0.428536,-2.39334,0,0.428536,-2.95833,1.67891,-0.589084,-2.31082,-0,-0.589084,-2.85633,-2.71653,-0.589083,0.882655,-1.67891,-0.589083,2.31082,2.71653,-0.589084,-0.882655,-2.71653,-0.589084,-0.882654,0,-0.589083,2.85633,1.67891,-0.589083,2.31082,2.71653,-0.589083,0.882655,-1.67891,-0.589084,-2.31082],
    "uvs":[],
    "name":"CircleGeometry.1",
    "faces":[163,100,99,18,19,0,0,0,0,0,0,0,0,0,163,99,95,17,18,0,1,1,1,1,0,0,0,0,163,95,92,16,17,0,2,2,2,2,0,0,0,0,163,92,91,15,16,0,3,3,3,3,0,0,0,0,163,96,98,11,12,0,4,4,4,4,0,0,0,0,163,97,93,13,14,0,5,5,5,5,0,0,0,0,163,93,96,12,13,0,6,6,6,6,0,0,0,0,163,91,97,14,15,0,7,7,7,7,0,0,0,0,163,98,94,10,11,0,8,8,8,8,0,0,0,0,163,94,100,19,10,0,9,9,9,9,0,0,0,0,163,1,27,26,2,0,10,10,10,10,0,0,0,0,163,8,20,29,9,0,11,11,11,11,0,0,0,0,163,5,23,22,6,0,12,12,12,12,0,0,0,0,163,2,26,25,3,0,13,13,13,13,0,0,0,0,163,28,0,9,29,0,14,14,14,14,0,0,0,0,163,6,22,21,7,0,15,15,15,15,0,0,0,0,163,3,25,24,4,0,16,16,16,16,0,0,0,0,163,0,28,27,1,0,17,17,17,17,0,0,0,0,163,7,21,20,8,0,18,18,18,18,0,0,0,0,163,4,24,23,5,0,19,19,19,19,0,0,0,0,163,102,101,39,38,0,20,20,20,20,0,0,0,0,163,104,103,35,34,0,21,21,21,21,0,0,0,0,163,101,105,30,39,0,22,22,22,22,0,0,0,0,163,103,106,36,35,0,23,23,23,23,0,0,0,0,163,108,107,33,32,0,24,24,24,24,0,0,0,0,163,105,109,31,30,0,25,25,25,25,0,0,0,0,163,106,110,37,36,0,26,26,26,26,0,0,0,0,163,107,104,34,33,0,27,27,27,27,0,0,0,0,163,109,108,32,31,0,28,28,28,28,0,0,0,0,163,110,102,38,37,0,29,29,29,29,0,0,0,0,163,10,42,44,11,1,30,30,30,30,1,1,1,1,162,59,40,41,1,31,31,31,1,1,1,163,60,59,41,42,1,32,32,32,32,1,1,1,1,163,19,60,42,10,1,33,33,33,33,1,1,1,1,162,41,40,43,1,34,34,34,1,1,1,163,42,41,43,44,1,35,35,35,35,1,1,1,1,163,18,58,60,19,1,36,36,36,36,1,1,1,1,162,43,40,45,1,37,37,37,1,1,1,163,44,43,45,46,1,38,38,38,38,1,1,1,1,162,45,40,47,1,39,39,39,1,1,1,163,46,45,47,48,1,40,40,40,40,1,1,1,1,163,17,56,58,18,1,41,41,41,41,1,1,1,1,163,48,47,49,50,1,42,42,42,42,1,1,1,1,163,16,54,56,17,1,43,43,43,43,1,1,1,1,162,47,40,49,1,44,44,44,1,1,1,163,50,49,51,52,1,45,45,45,45,1,1,1,1,163,15,52,54,16,1,46,46,46,46,1,1,1,1,162,49,40,51,1,47,47,47,1,1,1,163,52,51,53,54,1,48,48,48,48,1,1,1,1,163,14,50,52,15,1,49,49,49,49,1,1,1,1,162,51,40,53,1,50,50,50,1,1,1,163,54,53,55,56,1,51,51,51,51,1,1,1,1,163,13,48,50,14,1,52,52,52,52,1,1,1,1,162,53,40,55,1,53,53,53,1,1,1,163,56,55,57,58,1,54,54,54,54,1,1,1,1,163,12,46,48,13,1,55,55,55,55,1,1,1,1,162,55,40,57,1,56,56,56,1,1,1,163,11,44,46,12,1,57,57,57,57,1,1,1,1,162,57,40,59,1,58,58,58,1,1,1,163,58,57,59,60,1,59,59,59,59,1,1,1,1,163,30,31,62,61,0,60,60,60,60,0,0,0,0,163,37,38,69,68,0,61,61,61,61,0,0,0,0,163,34,35,66,65,0,62,62,62,62,0,0,0,0,163,31,32,63,62,0,63,63,63,63,0,0,0,0,163,38,39,70,69,0,64,64,64,64,0,0,0,0,163,35,36,67,66,0,65,65,65,65,0,0,0,0,163,32,33,64,63,0,66,66,66,66,0,0,0,0,163,39,30,61,70,0,67,67,67,67,0,0,0,0,163,36,37,68,67,0,68,68,68,68,0,0,0,0,163,33,34,65,64,0,69,69,69,69,0,0,0,0,163,69,70,80,79,0,70,70,70,70,0,0,0,0,163,66,67,77,76,0,71,71,71,71,0,0,0,0,163,63,64,74,73,0,72,72,72,72,0,0,0,0,163,70,61,71,80,0,70,70,70,70,0,0,0,0,163,67,68,78,77,0,73,73,73,73,0,0,0,0,163,64,65,75,74,0,72,72,72,72,0,0,0,0,163,61,62,72,71,0,72,72,72,72,0,0,0,0,163,68,69,79,78,0,70,70,70,70,0,0,0,0,163,65,66,76,75,0,71,71,71,71,0,0,0,0,163,62,63,73,72,0,72,72,72,72,0,0,0,0,163,76,77,87,86,0,74,74,74,74,0,0,0,0,163,73,74,84,83,0,75,75,75,75,0,0,0,0,163,80,71,81,90,0,76,76,76,76,0,0,0,0,163,77,78,88,87,0,77,77,77,77,0,0,0,0,163,74,75,85,84,0,78,78,78,78,0,0,0,0,163,71,72,82,81,0,79,79,79,79,0,0,0,0,163,78,79,89,88,0,80,80,80,80,0,0,0,0,163,75,76,86,85,0,81,81,81,81,0,0,0,0,163,72,73,83,82,0,82,82,82,82,0,0,0,0,163,79,80,90,89,0,83,83,83,83,0,0,0,0,163,9,0,100,94,0,84,84,84,84,0,0,0,0,163,8,9,94,98,0,85,85,85,85,0,0,0,0,163,4,5,97,91,0,86,86,86,86,0,0,0,0,163,6,7,96,93,0,87,87,87,87,0,0,0,0,163,5,6,93,97,0,88,88,88,88,0,0,0,0,163,7,8,98,96,0,89,89,89,89,0,0,0,0,163,3,4,91,92,0,90,90,90,90,0,0,0,0,163,2,3,92,95,0,91,91,91,91,0,0,0,0,163,1,2,95,99,0,92,92,92,92,0,0,0,0,163,0,1,99,100,0,93,93,93,93,0,0,0,0,163,27,28,102,110,0,94,94,94,94,0,0,0,0,163,21,22,108,109,0,95,95,95,95,0,0,0,0,163,23,24,104,107,0,96,96,96,96,0,0,0,0,163,26,27,110,106,0,97,97,97,97,0,0,0,0,163,20,21,109,105,0,98,98,98,98,0,0,0,0,163,22,23,107,108,0,99,99,99,99,0,0,0,0,163,25,26,106,103,0,100,100,100,100,0,0,0,0,163,29,20,105,101,0,101,101,101,101,0,0,0,0,163,24,25,103,104,0,102,102,102,102,0,0,0,0,163,28,29,101,102,0,103,103,103,103,0,0,0,0],