{
    "name":"Flame_small_dataGeometry",
    "faces":[35,14,6,5,13,0,0,0,0,0,34,13,18,14,0,1,1,1,34,11,17,12,0,2,2,2,34,9,16,10,0,3,3,3,34,15,18,19,0,4,4,4,34,18,17,19,0,5,5,5,34,17,16,19,0,6,6,6,34,16,15,19,0,7,7,7,34,0,7,8,0,8,8,8,35,12,4,3,11,0,9,9,9,9,35,10,2,1,9,0,10,10,10,10,35,14,8,7,6,0,11,11,11,11,35,13,5,4,12,0,12,12,12,12,35,11,3,2,10,0,13,13,13,13,35,15,8,14,18,0,14,14,14,14,35,17,18,13,12,0,15,15,15,15,35,17,11,10,16,0,16,16,16,16,35,15,16,9,8,0,17,17,17,17,35,0,8,9,1,0,18,18,18,18],
    "metadata":{
        "faces":19,
        "normals":19,
        "vertices":20,
        "colors":0,
        "version":3,
        "generator":"io_three",
        "uvs":0,
        "materials":1,
        "type":"Geometry"
    },
    "uvs":[],
    "normals":[0.796738,0.506257,0.330019,0.900293,-0.224517,0.372914,-0.376443,-0.179854,0.908814,-0.900293,-0.224517,-0.372913,0.698407,-0.65732,-0.283121,0.293652,-0.65732,0.694045,-0.698407,-0.65732,0.283121,-0.293652,-0.65732,-0.694045,0.303421,0.609383,-0.732522,-0.330019,0.506257,0.796737,-0.796738,0.506257,-0.330019,0.7935,0.408707,-0.450905,0.33002,0.506257,0.796737,-0.796738,0.506257,0.330019,0.840703,-0.321209,-0.43594,0.3605,-0.402331,0.841528,-0.849962,-0.402331,0.340138,-0.28621,-0.321209,-0.902723,-0.242251,0.408707,-0.879928],
    "vertices":[-0,-0,-0.041909,-0.029634,-0,-0.029634,-0.041909,0,0,-0.029634,0,0.029634,0,0,0.041909,0.029634,0,0.029634,0.041909,-0,-0,0.029634,-0,-0.029634,0.025716,-0.037058,-0.062085,-0.046676,-0.03793,-0.046676,-0.06601,-0.03793,0,-0.046676,-0.03793,0.046676,0,-0.03793,0.06601,0.046676,-0.03793,0.046676,0.06601,-0.03793,0,0.019145,-0.097863,-0.046219,-0.043136,-0.099976,-0.017868,-0.019145,-0.097863,0.046219,0.043136,-0.099976,0.017868,0,-0.138112,0],
    "materials":[{
        "transparent":false,
        "opacity":1,
        "DbgIndex":0,
        "vertexColors":false,
        "blending":"NormalBlending",
        "depthTest":true,
        "shading":"lambert",
        "depthWrite":true,
        "colorEmissive":[0,0,0],
        "wireframe":false,
        "DbgColor":15658734,
        "DbgName":"flame",
        "visible":true
    }],
    "colors":[]
}