{
    "uvs":[],
    "faces":[35,0,7,15,8,0,0,0,0,0,35,6,5,13,14,0,1,1,1,1,35,4,3,11,12,0,2,2,2,2,35,2,1,9,10,0,3,3,3,3,35,7,6,14,15,0,4,4,4,4,35,5,4,12,13,0,5,5,5,5,35,3,2,10,11,0,6,6,6,6,35,15,14,22,23,0,7,7,7,7,35,13,12,20,21,0,8,8,8,8,35,11,10,18,19,0,9,9,9,9,35,9,8,16,17,0,10,10,10,10,35,8,15,23,16,0,11,11,11,11,35,14,13,21,22,0,12,12,12,12,35,12,11,19,20,0,13,13,13,13,35,10,9,17,18,0,14,14,14,14,34,22,21,24,0,15,15,15,34,20,19,24,0,16,16,16,34,18,17,24,0,17,17,17,34,23,22,24,0,18,18,18,34,21,20,24,0,19,19,19,34,19,18,24,0,20,20,20,34,17,16,24,0,21,21,21,34,16,23,24,0,22,22,22,35,1,0,8,9,0,23,23,23,23],
    "vertices":[-0,-0,-0.131761,-0.093169,-0,-0.093169,-0.131761,0,0,-0.093169,0,0.093169,0,0,0.131761,0.093169,0,0.093169,0.131761,-0,-0,0.093169,-0,-0.093169,-0,-0.119252,-0.207535,-0.14675,-0.119252,-0.14675,-0.207535,-0.119252,0,-0.14675,-0.119252,0.14675,0,-0.119252,0.207535,0.14675,-0.119252,0.14675,0.207535,-0.119252,0,0.14675,-0.119252,-0.14675,-0,-0.292818,-0.154242,-0.109065,-0.292818,-0.109065,-0.154242,-0.292818,0,-0.109065,-0.292818,0.109065,0,-0.292818,0.154242,0.109065,-0.292818,0.109065,0.154242,-0.292818,0,0.109065,-0.292818,-0.109065,0,-0.434223,0],
    "normals":[0.33002,0.506257,-0.796738,0.796738,0.506257,0.330019,-0.330019,0.506257,0.796738,-0.796738,0.506257,-0.330019,0.796738,0.506257,-0.330019,0.33002,0.506257,0.796737,-0.796738,0.506257,0.330019,0.888808,-0.272911,-0.368156,0.368157,-0.272911,0.888809,-0.888808,-0.272911,0.368157,-0.368157,-0.272911,-0.888808,0.368157,-0.272911,-0.888808,0.888809,-0.272911,0.368156,-0.368156,-0.272911,0.888808,-0.888809,-0.272911,-0.368157,0.650756,-0.70983,0.269552,-0.269552,-0.709829,0.650756,-0.650756,-0.709829,-0.269552,0.650756,-0.709829,-0.269552,0.269552,-0.709829,0.650756,-0.650756,-0.70983,0.269552,-0.269552,-0.709829,-0.650756,0.269552,-0.70983,-0.650756,-0.330019,0.506257,-0.796738],
    "materials":[{
        "depthTest":true,
        "shading":"lambert",
        "blending":"NormalBlending",
        "DbgColor":15658734,
        "colorEmissive":[0,0,0],
        "transparent":false,
        "DbgName":"flame",
        "colorDiffuse":[0.64,0.335713,0.03419],
        "DbgIndex":0,
        "wireframe":false,
        "depthWrite":true,
        "visible":true,
        "opacity":1
    }],
    "metadata":{
        "version":3,
        "vertices":25,
        "type":"Geometry",
        "generator":"io_three",
        "uvs":0,
        "materials":1,
        "normals":24,
        "faces":24
    },
    "name":"Circle.002Geometry.1"
}